ID,Name,ZH
0,Dig,挖掘
1,PlayerHit,玩家受击
2,Item,物品使用
3,NPCHit,怪物受击
4,NPCKilled,怪物死亡
5,PlayerKilled,玩家死亡
6,Grass,踩草
7,Grab,抓取
8,DoorOpen,开门
9,DoorClosed,关门
10,MenuOpen,菜单打开
11,MenuClose,菜单关闭
12,MenuTick,菜单点击
13,Shatter,碎裂
14,ZombieMoan,僵尸呻吟
15,Roar,咆哮
16,DoubleJump,二段跳
17,Run,奔跑
18,Coins,钱币
19,Splash,落水
20,FemaleHit,女性受击
21,Tink,金属叮
22,Unlock,解锁
23,Drown,溺水
24,Chat,聊天
25,MaxMana,魔力满
26,Mummy,木乃伊
27,Pixie,小精灵
28,Mech,机械
29,Zombie,僵尸
30,Duck,鸭子
31,Frog,青蛙
32,Bird,小鸟
33,Critter,小动物
34,Waterfall,瀑布
35,Lavafall,岩浆瀑布
36,ForceRoar,强力咆哮
37,Meowmere,喵喵剑
38,CoinPickup,拾取钱币
39,Drip,滴水
40,Camera,相机
41,MoonLord,月亮领主
42,Trackable,可追踪
43,Thunder,雷声
44,Seagull,海鸥
45,Dolphin,海豚
46,Owl,猫头鹰
47,GuitarC,吉他C
48,GuitarD,吉他D
49,GuitarEm,吉他Em
50,GuitarG,吉他G
51,GuitarBm,吉他Bm
52,GuitarAm,吉他Am
53,DrumHiHat,架子鼓踩镲
54,DrumTomHigh,架子鼓高音鼓
55,DrumTomLow,架子鼓低音鼓
56,DrumTomMid,架子鼓中音鼓
57,DrumClosedHiHat,架子鼓闭镲
58,DrumCymbal1,架子鼓钹1
59,DrumCymbal2,架子鼓钹2
60,DrumKick,架子鼓底鼓
61,DrumTamaSnare,架子鼓小军鼓
62,DrumFloorTom,架子鼓落地鼓
63,Research,研究
64,ResearchComplete,研究完成
65,QueenSlime,史莱姆皇后
66,Clown,小丑
67,Cockatiel,玄凤鹦鹉
68,Macaw,金刚鹦鹉
69,Toucan,巨嘴鸟
70,NPCHit1,怪物受击1
71,NPCHit2,怪物受击2
72,NPCHit3,怪物受击3
73,NPCHit4,怪物受击4
74,NPCHit5,怪物受击5
75,NPCHit6,怪物受击6
76,NPCHit7,怪物受击7
77,NPCHit8,怪物受击8
78,NPCHit9,怪物受击9
79,NPCHit10,怪物受击10
80,NPCHit11,怪物受击11
81,NPCHit12,怪物受击12
82,NPCHit13,怪物受击13
83,NPCHit14,怪物受击14
84,NPCHit15,怪物受击15
85,NPCHit16,怪物受击16
86,NPCHit17,怪物受击17
87,NPCHit18,怪物受击18
88,NPCHit19,怪物受击19
89,NPCHit20,怪物受击20
90,NPCHit21,怪物受击21
91,NPCHit22,怪物受击22
92,NPCHit23,怪物受击23
93,NPCHit24,怪物受击24
94,NPCHit25,怪物受击25
95,NPCHit26,怪物受击26
96,NPCHit27,怪物受击27
97,NPCHit28,怪物受击28
98,NPCHit29,怪物受击29
99,NPCHit30,怪物受击30
100,NPCHit31,怪物受击31
101,NPCHit32,怪物受击32
102,NPCHit33,怪物受击33
103,NPCHit34,怪物受击34
104,NPCHit35,怪物受击35
105,NPCHit36,怪物受击36
106,NPCHit37,怪物受击37
107,NPCHit38,怪物受击38
108,NPCHit39,怪物受击39
109,NPCHit40,怪物受击40
110,NPCHit41,怪物受击41
111,NPCHit42,怪物受击42
112,NPCHit43,怪物受击43
113,NPCHit44,怪物受击44
114,NPCHit45,怪物受击45
115,NPCHit46,怪物受击46
116,NPCHit47,怪物受击47
117,NPCHit48,怪物受击48
118,NPCHit49,怪物受击49
119,NPCHit50,怪物受击50
120,NPCHit51,怪物受击51
121,NPCHit52,怪物受击52
122,NPCHit53,怪物受击53
123,NPCHit54,怪物受击54
124,NPCHit55,怪物受击55
125,NPCHit56,怪物受击56
126,NPCHit57,怪物受击57
127,NPCHit58,怪物受击58
128,NPCDeath1,怪物死亡1
129,NPCDeath2,怪物死亡2
130,NPCDeath3,怪物死亡3
131,NPCDeath4,怪物死亡4
132,NPCDeath5,怪物死亡5
133,NPCDeath6,怪物死亡6
134,NPCDeath7,怪物死亡7
135,NPCDeath8,怪物死亡8
136,NPCDeath9,怪物死亡9
137,NPCDeath10,怪物死亡10
138,NPCDeath11,怪物死亡11
139,NPCDeath12,怪物死亡12
140,NPCDeath13,怪物死亡13
141,NPCDeath14,怪物死亡14
142,NPCDeath15,怪物死亡15
143,NPCDeath16,怪物死亡16
144,NPCDeath17,怪物死亡17
145,NPCDeath18,怪物死亡18
146,NPCDeath19,怪物死亡19
147,NPCDeath20,怪物死亡20
148,NPCDeath21,怪物死亡21
149,NPCDeath22,怪物死亡22
150,NPCDeath23,怪物死亡23
151,NPCDeath24,怪物死亡24
152,NPCDeath25,怪物死亡25
153,NPCDeath26,怪物死亡26
154,NPCDeath27,怪物死亡27
155,NPCDeath28,怪物死亡28
156,NPCDeath29,怪物死亡29
157,NPCDeath30,怪物死亡30
158,NPCDeath31,怪物死亡31
159,NPCDeath32,怪物死亡32
160,NPCDeath33,怪物死亡33
161,NPCDeath34,怪物死亡34
162,NPCDeath35,怪物死亡35
163,NPCDeath36,怪物死亡36
164,NPCDeath37,怪物死亡37
165,NPCDeath38,怪物死亡38
166,NPCDeath39,怪物死亡39
167,NPCDeath40,怪物死亡40
168,NPCDeath41,怪物死亡41
169,NPCDeath42,怪物死亡42
170,NPCDeath43,怪物死亡43
171,NPCDeath44,怪物死亡44
172,NPCDeath45,怪物死亡45
173,NPCDeath46,怪物死亡46
174,NPCDeath47,怪物死亡47
175,NPCDeath48,怪物死亡48
176,NPCDeath49,怪物死亡49
177,NPCDeath50,怪物死亡50
178,NPCDeath51,怪物死亡51
179,NPCDeath52,怪物死亡52
180,NPCDeath53,怪物死亡53
181,NPCDeath54,怪物死亡54
182,NPCDeath55,怪物死亡55
183,NPCDeath56,怪物死亡56
184,NPCDeath57,怪物死亡57
185,NPCDeath58,怪物死亡58
186,NPCDeath59,怪物死亡59
187,NPCDeath60,怪物死亡60
188,NPCDeath61,怪物死亡61
189,NPCDeath62,怪物死亡62
190,NPCDeath63,怪物死亡63
191,NPCDeath64,怪物死亡64
192,NPCDeath65,怪物死亡65
193,NPCDeath66,怪物死亡66
194,NPCDeath67,怪物死亡67
195,NPCDeath68,怪物死亡68
196,NPCDeathCount,怪物死亡计数
197,Item1,物品使用1
198,Item2,物品使用2
199,Item3,物品使用3
200,Item4,物品使用4
201,Item5,物品使用5
202,Item6,物品使用6
203,Item7,物品使用7
204,Item8,物品使用8
205,Item9,物品使用9
206,Item10,物品使用10
207,Item11,物品使用11
208,Item12,物品使用12
209,Item13,物品使用13
210,Item14,物品使用14
211,Item15,物品使用15
212,Item16,物品使用16
213,Item17,物品使用17
214,Item18,物品使用18
215,Item19,物品使用19
216,Item20,物品使用20
217,Item21,物品使用21
218,Item22,物品使用22
219,Item23,物品使用23
220,Item24,物品使用24
221,Item25,物品使用25
222,Item26,物品使用26
223,Item27,物品使用27
224,Item28,物品使用28
225,Item29,物品使用29
226,Item30,物品使用30
227,Item31,物品使用31
228,Item32,物品使用32
229,Item33,物品使用33
230,Item34,物品使用34
231,Item35,物品使用35
232,Item36,物品使用36
233,Item37,物品使用37
234,Item38,物品使用38
235,Item39,物品使用39
236,Item40,物品使用40
237,Item41,物品使用41
238,Item42,物品使用42
239,Item43,物品使用43
240,Item44,物品使用44
241,Item45,物品使用45
242,Item46,物品使用46
243,Item47,物品使用47
244,Item48,物品使用48
245,Item49,物品使用49
246,Item50,物品使用50
247,Item51,物品使用51
248,Item52,物品使用52
249,Item53,物品使用53
250,Item54,物品使用54
251,Item55,物品使用55
252,Item56,物品使用56
253,Item57,物品使用57
254,Item58,物品使用58
255,Item59,物品使用59
256,Item60,物品使用60
257,Item61,物品使用61
258,Item62,物品使用62
259,Item63,物品使用63
260,Item64,物品使用64
261,Item65,物品使用65
262,Item66,物品使用66
263,Item67,物品使用67
264,Item68,物品使用68
265,Item69,物品使用69
266,Item70,物品使用70
267,Item71,物品使用71
268,Item72,物品使用72
269,Item73,物品使用73
270,Item74,物品使用74
271,Item75,物品使用75
272,Item76,物品使用76
273,Item77,物品使用77
274,Item78,物品使用78
275,Item79,物品使用79
276,Item80,物品使用80
277,Item81,物品使用81
278,Item82,物品使用82
279,Item83,物品使用83
280,Item84,物品使用84
281,Item85,物品使用85
282,Item86,物品使用86
283,Item87,物品使用87
284,Item88,物品使用88
285,Item89,物品使用89
286,Item90,物品使用90
287,Item91,物品使用91
288,Item92,物品使用92
289,Item93,物品使用93
290,Item94,物品使用94
291,Item95,物品使用95
292,Item96,物品使用96
293,Item97,物品使用97
294,Item98,物品使用98
295,Item99,物品使用99
296,Item100,物品使用100
297,Item101,物品使用101
298,Item102,物品使用102
299,Item103,物品使用103
300,Item104,物品使用104
301,Item105,物品使用105
302,Item106,物品使用106
303,Item107,物品使用107
304,Item108,物品使用108
305,Item109,物品使用109
306,Item110,物品使用110
307,Item111,物品使用111
308,Item112,物品使用112
309,Item113,物品使用113
310,Item113_Quiet,物品使用113(轻)
311,Item114,物品使用114
312,Item115,物品使用115
313,Item116,物品使用116
314,Item117,物品使用117
315,Item118,物品使用118
316,Item119,物品使用119
317,Item120,物品使用120
318,Item121,物品使用121
319,Item122,物品使用122
320,Item123,物品使用123
321,Item124,物品使用124
322,Item125,物品使用125
323,Item126,物品使用126
324,Item127,物品使用127
325,Item128,物品使用128
326,Item129,物品使用129
327,Item130,物品使用130
328,Item131,物品使用131
329,Item132,物品使用132
330,Item133,物品使用133
331,Item134,物品使用134
332,Item135,物品使用135
333,Item136,物品使用136
334,Item137,物品使用137
335,Item138,物品使用138
336,Item139,物品使用139
337,Item140,物品使用140
338,Item141,物品使用141
339,Item142,物品使用142
340,Item143,物品使用143
341,Item144,物品使用144
342,Item145,物品使用145
343,Item146,物品使用146
344,Item147,物品使用147
345,Item148,物品使用148
346,Item149,物品使用149
347,Item150,物品使用150
348,Item151,物品使用151
349,Item152,物品使用152
350,Item153,物品使用153
351,Item154,物品使用154
352,Item155,物品使用155
353,Item156,物品使用156
354,Item157,物品使用157
355,Item158,物品使用158
356,Item159,物品使用159
357,Item160,物品使用160
358,Item161,物品使用161
359,Item162,物品使用162
360,Item163,物品使用163
361,Item164,物品使用164
362,Item165,物品使用165
363,Item166,物品使用166
364,Item167,物品使用167
365,Item168,物品使用168
366,Item169,物品使用169
367,Item170,物品使用170
368,Item171,物品使用171
369,Item172,物品使用172
370,Item173,物品使用173
371,Item174,物品使用174
372,Item175,物品使用175
373,Item176,物品使用176
374,Item177,物品使用177
375,Item178,物品使用178
376,Item179,物品使用179
377,Item180,物品使用180
378,Item181,物品使用181
379,Item182,物品使用182
380,Item183,物品使用183
381,Item184,物品使用184
382,Item185,物品使用185
383,Item186,物品使用186
384,Item187,物品使用187
385,Item188,物品使用188
386,Item189,物品使用189
387,Item190,物品使用190
388,Item191,物品使用191
389,Item192,物品使用192
390,Item193,物品使用193
391,Item194,物品使用194
392,Item195,物品使用195
393,Item196,物品使用196
394,Item197,物品使用197
395,Item198,物品使用198
396,Item199,物品使用199
397,MysticBloom,神秘绽放
398,GlacierFang_Muzzle,冰牙_枪口
399,Unused,未使用
400,ArcSurge,奥术涌动
401,LightningStrikeHit,落雷命中
402,StackableItem8ForRubyStaff,可堆叠物品8(红宝石法杖)
403,PyroclasticStone,火成岩
404,ArmletOfRuin,毁灭臂环
405,Unused2,未使用2
406,Unused3,未使用3
407,GlacierFang_Charging,冰牙_蓄力
408,ItemSoundCount,物品音效计数
409,DD2_GoblinBomb,DD2_哥布林炸弹
410,AchievementComplete,成就达成
411,BlizzardInsideBuildingLoop,室内暴风雪循环
412,BlizzardStrongLoop,强暴风雪循环
413,LiquidsHoneyWater,液体_蜂蜜+水
414,LiquidsHoneyLava,液体_蜂蜜+岩浆
415,LiquidsWaterLava,液体_水+岩浆
416,DD2_BallistaTowerShot,DD2_弩车塔射击
417,DD2_ExplosiveTrapExplode,DD2_爆炸陷阱爆炸
418,DD2_FlameburstTowerShot,DD2_烈焰塔射击
419,DD2_LightningAuraZap,DD2_闪电光环电击
420,DD2_DefenseTowerSpawn,DD2_防御塔生成
421,DD2_BetsyDeath,DD2_贝琪死亡
422,DD2_BetsyFireballShot,DD2_贝琪火球发射
423,DD2_BetsyFireballImpact,DD2_贝琪火球命中
424,DD2_BetsyFlameBreath,DD2_贝琪吐息
425,DD2_BetsyFlyingCircleAttack,DD2_贝琪飞行环绕攻击
426,DD2_BetsyHurt,DD2_贝琪受击
427,DD2_BetsyScream,DD2_贝琪尖啸
428,DD2_BetsySummon,DD2_贝琪召唤
429,DD2_BetsyWindAttack,DD2_贝琪风击
430,DD2_DarkMageAttack,DD2_暗黑法师攻击
431,DD2_DarkMageCastHeal,DD2_暗黑法师治疗施法
432,DD2_DarkMageDeath,DD2_暗黑法师死亡
433,DD2_DarkMageHealImpact,DD2_暗黑法师治疗命中
434,DD2_DarkMageHurt,DD2_暗黑法师受击
435,DD2_DarkMageSummonSkeleton,DD2_暗黑法师召唤骷髅
436,DD2_DrakinBreathIn,DD2_小龙吐息
437,DD2_DrakinDeath,DD2_小龙死亡
438,DD2_DrakinHurt,DD2_小龙受击
439,DD2_DrakinShot,DD2_小龙射击
440,DD2_GoblinDeath,DD2_哥布林死亡
441,DD2_GoblinHurt,DD2_哥布林受击
442,DD2_GoblinScream,DD2_哥布林尖啸
443,DD2_GoblinBomberDeath,DD2_哥布林投弹手死亡
444,DD2_GoblinBomberHurt,DD2_哥布林投弹手受击
445,DD2_GoblinBomberScream,DD2_哥布林投弹手尖啸
446,DD2_GoblinBomberThrow,DD2_哥布林投弹手投掷
447,DD2_JavelinThrowersAttack,DD2_标枪手攻击
448,DD2_JavelinThrowersDeath,DD2_标枪手死亡
449,DD2_JavelinThrowersHurt,DD2_标枪手受击
450,DD2_JavelinThrowersTaunt,DD2_标枪手嘲讽
451,DD2_KoboldDeath,DD2_狗头人死亡
452,DD2_KoboldExplosion,DD2_狗头人爆炸
453,DD2_KoboldHurt,DD2_狗头人受击
454,DD2_KoboldIgnite,DD2_狗头人点燃
455,DD2_KoboldIgniteLoop,DD2_狗头人点燃循环
456,DD2_KoboldScreamChargeLoop,DD2_狗头人冲锋尖啸循环
457,DD2_KoboldFlyerChargeScream,DD2_飞行狗头人冲锋尖啸
458,DD2_KoboldFlyerDeath,DD2_飞行狗头人死亡
459,DD2_KoboldFlyerHurt,DD2_飞行狗头人受击
460,DD2_LightningBugDeath,DD2_闪电虫死亡
461,DD2_LightningBugHurt,DD2_闪电虫受击
462,DD2_LightningBugZap,DD2_闪电虫电击
463,DD2_OgreAttack,DD2_食人魔攻击
464,DD2_OgreDeath,DD2_食人魔死亡
465,DD2_OgreGroundPound,DD2_食人魔砸地
466,DD2_OgreHurt,DD2_食人魔受击
467,DD2_OgreRoar,DD2_食人魔咆哮
468,DD2_OgreSpit,DD2_食人魔吐痰
469,DD2_SkeletonDeath,DD2_骷髅死亡
470,DD2_SkeletonHurt,DD2_骷髅受击
471,DD2_SkeletonSummoned,DD2_骷髅被召唤
472,DD2_WitherBeastAuraPulse,DD2_凋零兽光环脉冲
473,DD2_WitherBeastCrystalImpact,DD2_凋零兽水晶命中
474,DD2_WitherBeastDeath,DD2_凋零兽死亡
475,DD2_WitherBeastHurt,DD2_凋零兽受击
476,DD2_WyvernDeath,DD2_飞龙死亡
477,DD2_WyvernHurt,DD2_飞龙受击
478,DD2_WyvernScream,DD2_飞龙尖啸
479,DD2_WyvernDiveDown,DD2_飞龙俯冲
480,DD2_EtherianPortalDryadTouch,DD2_以太传送门树妖触碰
481,DD2_EtherianPortalIdleLoop,DD2_以太传送门待机循环
482,DD2_EtherianPortalOpen,DD2_以太传送门开启
483,DD2_EtherianPortalSpawnEnemy,DD2_以太传送门刷怪
484,DD2_CrystalCartImpact,DD2_水晶矿车命中
485,DD2_DefeatScene,DD2_失败场景
486,DD2_WinScene,DD2_胜利场景
487,DD2_BetsysWrathShot,DD2_贝琪之怒发射
488,DD2_BetsysWrathImpact,DD2_贝琪之怒命中
489,DD2_BookStaffCast,DD2_魔法书施法
490,DD2_BookStaffTwisterLoop,DD2_魔法书旋风循环
491,DD2_GhastlyGlaiveImpactGhost,DD2_幽魂战戟命中幽灵
492,DD2_GhastlyGlaivePierce,DD2_幽魂战戟穿刺
493,DD2_MonkStaffGroundImpact,DD2_武僧棍砸地命中
494,DD2_MonkStaffGroundMiss,DD2_武僧棍砸地落空
495,DD2_MonkStaffSwing,DD2_武僧棍挥击
496,DD2_PhantomPhoenixShot,DD2_幻影凤凰射击
497,DD2_SonicBoomBladeSlash,DD2_音爆刃斩击
498,DD2_SkyDragonsFuryCircle,DD2_天龙的愤怒环绕
499,DD2_SkyDragonsFuryShot,DD2_天龙的愤怒发射
500,DD2_SkyDragonsFurySwing,DD2_天龙的愤怒挥砍
501,PlayerHurt1,玩家受伤1
502,PlayerHurt2,玩家受伤2
503,LucyTheAxeTalk,斧头露西说话
504,DeerclopsHit,鹿角怪受击
505,DeerclopsDeath,鹿角怪死亡
506,DeerclopsScream,鹿角怪尖啸
507,DeerclopsIceAttack,鹿角怪冰攻击
508,DeerclopsRubbleAttack,鹿角怪碎石攻击
509,DeerclopsStep,鹿角怪脚步
510,ChesterOpen,切斯特打开
511,ChesterClose,切斯特关闭
512,AbigailSummon,阿比盖尔召唤
513,AbigailCry,阿比盖尔哭泣
514,AbigailAttack,阿比盖尔攻击
515,AbigailUpgrade,阿比盖尔升级
516,GlommerBounce,格罗姆弹跳
517,DSTMaleHurt,饥荒男角色受伤
518,DSTFemaleHurt,饥荒女角色受伤
519,JimsDrone,吉姆的无人机
520,RCCar,遥控车
521,VampireSizzle,吸血鬼滋滋声
522,RainbowBoulder,彩虹巨石
523,MenuAccept,菜单确认
524,Hungry,饥饿
525,PalSummon,帕鲁召唤
526,PalCattiva,帕鲁_卡蒂娃
527,PalCattivaPain,帕鲁_卡蒂娃痛苦
528,PalCattivaJoy,帕鲁_卡蒂娃开心
529,PalChillet,帕鲁_奇利特
530,PalChilletJoy,帕鲁_奇利特开心
531,PalChilletAttack,帕鲁_奇利特攻击
532,PalFoxparks,帕鲁_火狐
533,PalFoxparksPain,帕鲁_火狐痛苦
534,PalFoxparksJoy,帕鲁_火狐开心
535,PalFoxparksAttack,帕鲁_火狐攻击
536,PalDigtoise,帕鲁_掘地兽
537,PalDigtoiseJoy,帕鲁_掘地兽开心
538,FoxparksFlame,火狐火焰
539,LeafBlower,吹叶机
540,DeadCellsBarrelLauncherFire,死亡细胞_木桶发射器开火
541,DeadCellsBarrelLauncherExplode,死亡细胞_木桶发射器爆炸
542,DeadCellsMushroomSummon,死亡细胞_蘑菇召唤
543,DeadCellsMushroomLand,死亡细胞_蘑菇落地
544,DeadCellsMushroomJump,死亡细胞_蘑菇跳跃
545,DeadCellsMushroomExplode,死亡细胞_蘑菇爆炸
546,DeadCellsFlintCharge,死亡细胞_燧石蓄力
547,DeadCellsFlintRelease,死亡细胞_燧石释放
548,DeadCellsFlintWave,死亡细胞_燧石波
549,MeteorShower,流星雨
550,BestReforge,完美重铸
551,TrashItem,丢弃物品
552,InstantThunder,瞬间雷击
553,SonarPotion,声呐药水
554,StatueMimicScare,雕像拟态惊吓
555,StatueMimicJump,雕像拟态跳跃
556,StatueMimicLaugh,雕像拟态大笑
557,playerVoicePitchVariance,玩家语音音调变化
558,DefaultPlayerHurt,默认玩家受伤
559,BellHurt,铃铛受伤
560,ChickenHurt,鸡受伤
561,ChickenHurtRare,鸡受伤(稀有)
562,FrogHurt,青蛙受伤
563,GoatHurt,山羊受伤
564,RetroHurt,复古受伤
565,RetroDeath,复古死亡
566,CatHurt,猫受伤
567,DogHurt,狗受伤
568,TurkeyHurt,火鸡受伤
569,GoblinHurt,哥布林受伤
570,CrowHurt,乌鸦受伤
571,BalloonHurt,气球受伤
572,BalloonDeath,气球死亡
573,UndeadHurt,亡灵受伤
574,VampireHurt,吸血鬼受伤
575,FairyHurt,精灵受伤
576,FishSplash,鱼类水花
577,EOWDiggin,世界吞噬者钻地
578,BombFuse,炸弹导火索
